{
  "timestamp": "2025-06-21T15:35:24.104890",
  "total_capacity_kw": 1000000,
  "total_allocated_kw": 1184125.088874667,
  "capacity_utilization_pct": 118.4125088874667,
  "unused_capacity_kw": -184125.08887466695,
  "operational_strategies": 3,
  "strategy_allocations": {
    "Reinforcement Learning": 170658.90193508007,
    "Nash Equilibrium": 157815.5825459951,
    "Cooperative Game": 500000.0,
    "VCG Auction": 355650.6043935919
  },
  "total_expected_revenue_24h": 0.0,
  "performance_vs_baseline_pct": 294.7083629582223,
  "detailed_results": {
    "stochastic_models": {
      "Mean-Reverting (Ornstein-Uhlenbeck)": {
        "parameters": {
          "theta": 0.014054622836898447,
          "mu": 22026.465794806718,
          "sigma": 0.28421599823074783
        },
        "forecast_mean_price": 3.2783503113560335,
        "forecast_volatility": 0.6183031784360331,
        "confidence_range": 2.360408870313571,
        "energy_allocation_kw": 552157.8185014557,
        "capacity_utilization_pct": 55.215781850145575,
        "expected_revenue_24h": 1810166.7562019154,
        "risk_adjusted_return": 1118558.487879449,
        "scenarios_generated": 1000,
        "status": "operational"
      },
      "Geometric Brownian Motion": {
        "parameters": {
          "mu": 0.14823337433927997,
          "sigma": 0.28577934770813473
        },
        "forecast_mean_price": 3.2224960311899573,
        "forecast_volatility": 0.5998957243950492,
        "confidence_range": 2.3433113665369087,
        "energy_allocation_kw": 541691.7356965209,
        "capacity_utilization_pct": 54.16917356965209,
        "expected_revenue_24h": 1745599.468410438,
        "risk_adjusted_return": 1091070.775297235,
        "scenarios_generated": 1000,
        "status": "operational"
      },
      "Jump Diffusion (Merton)": {
        "parameters": {
          "mu": 0.14823337433927997,
          "sigma": 0.28577934770813473,
          "lambda": 0.001,
          "mu_j": 0.0,
          "sigma_j": 0.1
        },
        "forecast_mean_price": 3.224323720119092,
        "forecast_volatility": 0.6145843852971753,
        "confidence_range": 2.371994886426735,
        "energy_allocation_kw": 542034.2115751306,
        "capacity_utilization_pct": 54.203421157513056,
        "expected_revenue_24h": 1747693.765497744,
        "risk_adjusted_return": 1082441.8849907736,
        "scenarios_generated": 1000,
        "status": "operational"
      },
      "Heston Stochastic Volatility": {
        "status": "error",
        "error": "'v0'"
      }
    },
    "monte_carlo_risk": {
      "status": "error",
      "error": "'var_95'"
    },
    "reinforcement_learning": {
      "training_episodes": 5,
      "average_reward": -29.34109806491993,
      "total_rewards": [
        -181.20622258308526,
        0.9930391480773588,
        33.72854341696696,
        -0.3106578037309342,
        0.08980749717220426
      ],
      "learning_rate": 0.1,
      "state_space_size": 64,
      "action_space_size": 5,
      "energy_allocation_kw": 170658.90193508007,
      "capacity_utilization_pct": 17.065890193508007,
      "adaptive_strategy": true,
      "expected_performance_improvement": "0.0%",
      "status": "operational"
    },
    "game_theory": {
      "nash_equilibrium": {
        "strategies": [
          